{
  "phase": "4",
  "demonstration_type": "comprehensive",
  "timestamp": 1752444245.5606182,
  "synthesis_results": [
    {
      "test_case": "Conceptual Embedding",
      "result_shape": [
        512
      ],
      "execution_time": 0.0028831958770751953,
      "result_sample": [
        0.2944882893495379,
        -0.28012685721895125,
        0.48008693502807254,
        0.12155664785944505,
        -0.20905469718464204
      ]
    },
    {
      "test_case": "Logical Inference",
      "result_shape": [
        128
      ],
      "execution_time": 0.0002532005310058594,
      "result_sample": [
        0.0045510247416078245,
        0.06041215601028519,
        0.0017090083055119013,
        -0.03245380583411911,
        -0.027574767111635614
      ]
    },
    {
      "test_case": "Attention Allocation",
      "result_shape": [
        1,
        256
      ],
      "execution_time": 0.0007786750793457031,
      "result_sample": [
        [
          3.5212818649647684,
          1.0223012917025556,
          -0.10182791906852376,
          -0.8134945791161321,
          -0.3337231063557248,
          -0.00689498293989059,
          1.3286534890768018,
          -0.4589259403383873,
          1.0595726840430808,
          -0.00034048967065837543,
          -1.3368281269551003,
          0.7655956792466216,
          -2.2503345080611847,
          -3.4500410119036626,
          0.29818414810549215,
          -1.839252373309439,
          -0.2797678295977767,
          -1.7751754043033958,
          3.9559605642816864,
          0.07056153412141696,
          0.5234775620235399,
          0.7065759721244338,
          -0.31887315894519846,
          -1.9326615579097528,
          -1.0162603411543998,
          -1.204145745908802,
          -0.35098669361935564,
          -2.0348945827955514,
          -1.0485690821180569,
          1.9790816899158765,
          0.4389052411038858,
          1.989336437710895,
          -0.47971480038649866,
          -1.3984882574320538,
          -2.402859471176003,
          -0.6259705687321186,
          -2.6432609894495913,
          -1.1239943324026116,
          -0.5317745422218618,
          -1.483021413634851,
          -1.8527837251626007,
          -1.3515121584136087,
          -0.056017478925602396,
          1.9471109677119838,
          -0.12738331163963823,
          -3.7726303116942406,
          1.8436568268460125,
          0.5429195046170298,
          -2.664988552407269,
          1.1619383511171242,
          -1.5308773114365029,
          -0.435952030605218,
          0.06586030334927234,
          1.9113410520455882,
          -2.736423400512952,
          0.41805880859758804,
          -1.7764123650872272,
          -0.07099339644483327,
          -1.045784561280708,
          0.5661762134283753,
          0.5700149618784461,
          -2.608517840133598,
          1.444339218502899,
          1.2406597800767423,
          -0.19607810557215125,
          -2.257926409960822,
          -0.656434637559819,
          -2.23001505471431,
          -0.18868722522716228,
          -2.714596144751455,
          0.583216356826823,
          1.6717078279164101,
          -1.1391052380459505,
          0.08845555631653446,
          1.4941983841110962,
          1.5886930484358361,
          -1.528266364231953,
          -2.9348442514938626,
          -0.22445772162397795,
          -0.38239237402320825,
          1.2185527389102213,
          -0.02849025597139579,
          -3.6474701913323875,
          0.4224719494716245,
          0.047347758925694344,
          -0.01789469770074914,
          0.26430549501285777,
          -1.9051749201111325,
          -2.347316944803007,
          -0.8014742908502702,
          3.4641243680747538,
          -2.728328956970787,
          -0.8144741808453382,
          2.3898257815392787,
          -2.044927391499979,
          0.3888105832158608,
          0.5279657635270236,
          1.3714653355450728,
          0.8993207962540115,
          2.159197779590436,
          1.2482978373790088,
          0.4235106524441148,
          0.07784341633978883,
          -0.7592196353935406,
          1.3564870414107433,
          0.9665061801194158,
          1.6122482586400049,
          0.7199903787204779,
          -2.319457887567742,
          -1.7313752293805345,
          3.57495235233644,
          -0.974423734953039,
          0.2619843971689031,
          1.9416223898748637,
          1.053143274219114,
          -0.017064643411926553,
          3.3061712430470926,
          2.093027754607037,
          0.5034980170886009,
          0.8090047945288246,
          0.45126064246072956,
          0.2775895016906471,
          -0.8071655270470599,
          0.14572084235652216,
          -1.3714725634906952,
          -0.3033800944690233,
          -0.3930467682127563,
          0.1021443843203726,
          -1.8324092177806048,
          0.571542500309839,
          -3.9139469610006605,
          0.929691885312168,
          -0.7327399645997303,
          2.7708867509781703,
          -0.3056058595175501,
          0.17117728239182978,
          1.396819346132331,
          -1.8103672200157779,
          -0.21277179457611875,
          0.03475764293208701,
          2.6189398316068737,
          1.1318568274470846,
          1.3127649649722724,
          1.337245069167061,
          2.35461163572383,
          -1.2937030396241649,
          0.7769959058869764,
          1.3195556602896348,
          -0.14778703339895233,
          -1.472715812548755,
          -4.001338405382253,
          -0.6305961831767998,
          -0.10535978886200795,
          -0.9804842191469113,
          -0.0488403787635204,
          -0.5339820838272349,
          1.344308747084468,
          0.5776435092522199,
          1.0280548963458525,
          0.4700512781284034,
          -1.354386096368817,
          3.2214699937894276,
          1.6098408049898327,
          -1.2087926606230452,
          -2.7012560774963843,
          -0.9530487262123306,
          -0.01986764491361806,
          1.041911493247161,
          -0.192347298465165,
          -1.6179881015918374,
          0.2565697037789902,
          -0.5215081656863039,
          0.3305154611939549,
          -0.6326164738517751,
          1.8882873545191037,
          -1.0237105272766578,
          -0.19925750345950033,
          -0.7236554701771748,
          -2.2885479699483793,
          2.3752436497103333,
          1.1633869724784538,
          0.9366711687678261,
          -0.08493570233164772,
          1.2134818204597968,
          0.22065766579615406,
          1.1945238679563257,
          -3.6100734275872215,
          -0.3473765689683412,
          -0.9674097386299838,
          1.9217499338497643,
          0.36918069808169574,
          2.7228064155071654,
          2.3840407329174385,
          1.6857119124740985,
          -0.9393671575204001,
          1.2331346856818217,
          -1.9682587875305835,
          2.5838863882702765,
          0.09523591591877716,
          0.6084687528862143,
          4.197920595130132,
          -1.7199026098829056,
          -0.3446739963628449,
          0.8223047273298888,
          -0.12610625452418253,
          0.8486762802028063,
          -0.010479269489160115,
          0.31977853389113975,
          2.164967077009557,
          -3.1719540030696933,
          -1.2225372010414846,
          0.9483890007443231,
          2.070383330546689,
          -1.9089785046067898,
          0.991791531010062,
          -3.2005606452050337,
          -2.36140801822673,
          0.800604270352794,
          0.832996475255916,
          1.124567295651449,
          0.1129494384644881,
          0.5034992299999358,
          0.0802074357271885,
          -0.884901581693819,
          2.4221917062488623,
          1.8838722129676053,
          -2.404080884811088,
          -0.01407318440328148,
          -0.009915013603072786,
          0.8135383104079006,
